{
  "sections": {
    "main": {
      "type": "main-page",
      "settings": {
        "padding_top": 28,
        "padding_bottom": 0
      }
    },
    "5b651e9b-60c7-4082-aab7-1a0d54be0ad9": {
      "type": "lumin-grids",
      "blocks": {
        "template--21418315776302__5b651e9b-60c7-4082-aab7-1a0d54be0ad9-image-1": {
          "type": "image",
          "settings": {
            "large_up_hide": false,
            "grid_width_desktop": "33.3333333",
            "medium_hide": false,
            "grid_width_tablet": "33.3333333",
            "small_hide": false,
            "overlay_opacity": 0,
            "opacity_color": "#000000",
            "padding_size": 30,
            "padding_size_in": 10,
            "text_border": 0,
            "bg_color": "rgba(0,0,0,0)",
            "head": "",
            "head_color": "#212121",
            "head_size_d": 30,
            "head_size_m": 24,
            "text": "",
            "text_color": "#212121",
            "text_size_d": 16,
            "text_size_m": 14,
            "button-text": "button",
            "button_link": "",
            "desktop_content_alignment": "left",
            "image_content_position": "middle-center",
            "grid-url": ""
          }
        },
        "c5ab93bb-329f-46da-8cd6-d063c8ac93d6": {
          "type": "image",
          "settings": {
            "large_up_hide": false,
            "grid_width_desktop": "33.3333333",
            "medium_hide": false,
            "grid_width_tablet": "33.3333333",
            "small_hide": false,
            "overlay_opacity": 0,
            "opacity_color": "#000000",
            "padding_size": 30,
            "padding_size_in": 10,
            "text_border": 0,
            "bg_color": "rgba(0,0,0,0)",
            "head": "",
            "head_color": "#212121",
            "head_size_d": 30,
            "head_size_m": 24,
            "text": "",
            "text_color": "#212121",
            "text_size_d": 16,
            "text_size_m": 14,
            "button-text": "button",
            "button_link": "",
            "desktop_content_alignment": "left",
            "image_content_position": "middle-center",
            "grid-url": ""
          }
        },
        "a3861de8-bd18-46ea-9adb-4b7c6f801b5b": {
          "type": "image",
          "settings": {
            "large_up_hide": false,
            "grid_width_desktop": "33.3333333",
            "medium_hide": false,
            "grid_width_tablet": "33.3333333",
            "small_hide": false,
            "overlay_opacity": 0,
            "opacity_color": "#000000",
            "padding_size": 30,
            "padding_size_in": 10,
            "text_border": 0,
            "bg_color": "rgba(0,0,0,0)",
            "head": "",
            "head_color": "#212121",
            "head_size_d": 30,
            "head_size_m": 24,
            "text": "",
            "text_color": "#212121",
            "text_size_d": 16,
            "text_size_m": 14,
            "button-text": "button",
            "button_link": "",
            "desktop_content_alignment": "left",
            "image_content_position": "middle-center",
            "grid-url": ""
          }
        },
        "f8952fca-4163-49f1-a6e2-94f9d4048649": {
          "type": "image",
          "settings": {
            "large_up_hide": false,
            "grid_width_desktop": "33.3333333",
            "medium_hide": false,
            "grid_width_tablet": "33.3333333",
            "small_hide": false,
            "overlay_opacity": 0,
            "opacity_color": "#000000",
            "padding_size": 30,
            "padding_size_in": 10,
            "text_border": 0,
            "bg_color": "rgba(0,0,0,0)",
            "head": "",
            "head_color": "#212121",
            "head_size_d": 30,
            "head_size_m": 24,
            "text": "",
            "text_color": "#212121",
            "text_size_d": 16,
            "text_size_m": 14,
            "button-text": "button",
            "button_link": "",
            "desktop_content_alignment": "left",
            "image_content_position": "middle-center",
            "grid-url": ""
          }
        },
        "0bcbecd4-94bb-478f-8823-32d834b6ecc3": {
          "type": "image",
          "settings": {
            "large_up_hide": false,
            "grid_width_desktop": "33.3333333",
            "medium_hide": false,
            "grid_width_tablet": "33.3333333",
            "small_hide": false,
            "overlay_opacity": 0,
            "opacity_color": "#000000",
            "padding_size": 30,
            "padding_size_in": 10,
            "text_border": 0,
            "bg_color": "rgba(0,0,0,0)",
            "head": "",
            "head_color": "#212121",
            "head_size_d": 30,
            "head_size_m": 24,
            "text": "",
            "text_color": "#212121",
            "text_size_d": 16,
            "text_size_m": 14,
            "button-text": "button",
            "button_link": "",
            "desktop_content_alignment": "left",
            "image_content_position": "middle-center",
            "grid-url": ""
          }
        },
        "f5691c8f-d11c-44d8-9731-a0cd2296c943": {
          "type": "image",
          "settings": {
            "large_up_hide": false,
            "grid_width_desktop": "33.3333333",
            "medium_hide": false,
            "grid_width_tablet": "33.3333333",
            "small_hide": false,
            "overlay_opacity": 0,
            "opacity_color": "#000000",
            "padding_size": 30,
            "padding_size_in": 10,
            "text_border": 0,
            "bg_color": "rgba(0,0,0,0)",
            "head": "",
            "head_color": "#212121",
            "head_size_d": 30,
            "head_size_m": 24,
            "text": "",
            "text_color": "#212121",
            "text_size_d": 16,
            "text_size_m": 14,
            "button-text": "button",
            "button_link": "",
            "desktop_content_alignment": "left",
            "image_content_position": "middle-center",
            "grid-url": ""
          }
        }
      },
      "block_order": [
        "template--21418315776302__5b651e9b-60c7-4082-aab7-1a0d54be0ad9-image-1",
        "c5ab93bb-329f-46da-8cd6-d063c8ac93d6",
        "a3861de8-bd18-46ea-9adb-4b7c6f801b5b",
        "f8952fca-4163-49f1-a6e2-94f9d4048649",
        "0bcbecd4-94bb-478f-8823-32d834b6ecc3",
        "f5691c8f-d11c-44d8-9731-a0cd2296c943"
      ],
      "settings": {
        "video_border": 6,
        "grid_gap": 8,
        "color_scheme": "",
        "padding_top": 0,
        "padding_bottom": 36,
        "margin_top": 0,
        "margin_bottom": 36
      }
    },
    "1575c094-5ddf-4d7c-b2aa-dc60060769f1": {
      "type": "featured-collection",
      "settings": {
        "title": "Shop Our Store",
        "description": "",
        "show_description": false,
        "description_style": "body",
        "collection": "",
        "products_to_show": 4,
        "columns_desktop": 4,
        "full_width": false,
        "show_view_all": true,
        "view_all_style": "solid",
        "enable_desktop_slider": false,
        "color_scheme": "",
        "image_ratio": "adapt",
        "show_secondary_image": false,
        "show_vendor": false,
        "show_rating": false,
        "enable_quick_add": false,
        "columns_mobile": "2",
        "swipe_on_mobile": false,
        "padding_top": 36,
        "padding_bottom": 36
      }
    }
  },
  "order": [
    "main",
    "5b651e9b-60c7-4082-aab7-1a0d54be0ad9",
    "1575c094-5ddf-4d7c-b2aa-dc60060769f1"
  ]
}
