{
  "sections": {
    "breadcrumbs_JPyjE9": {
      "type": "breadcrumbs",
      "settings": {
        "title_home": "Home",
        "padding_top": 24,
        "padding_bottom": 0,
        "margin_top": 0,
        "margin_bottom": 0
      }
    },
    "banner": {
      "type": "main-collection-banner",
      "settings": {
        "show_collection_description": true,
        "show_collection_image": true,
        "color_scheme": "background-1"
      }
    },
    "product-grid": {
      "type": "main-collection-product-grid",
      "settings": {
        "products_per_page": 24,
        "columns_desktop": 4,
        "color_scheme": "background-1",
        "image_ratio": "adapt",
        "show_secondary_image": true,
        "show_vendor": false,
        "show_rating": false,
        "show_scroll_tags": false,
        "enable_quick_desc": false,
        "quick_desc_legth": 80,
        "quick_desc_size": 12,
        "enable_quick_add": false,
        "show_secondary_add": false,
        "enable_filtering": true,
        "filter_type": "drawer",
        "enable_sorting": true,
        "columns_mobile": "2",
        "padding_top": 36,
        "padding_bottom": 36
      }
    }
  },
  "order": [
    "breadcrumbs_JPyjE9",
    "banner",
    "product-grid"
  ]
}
