{
  "sections": {
    "main": {
      "type": "main-page",
      "disabled": true,
      "settings": { "padding_top": 0, "padding_bottom": 0 }
    },
    "image_banner_fbjLBm": {
      "type": "image-banner",
      "blocks": {
        "heading_XDLhdY": {
          "type": "heading",
          "settings": {
            "heading": "Contactez notre équipe",
            "heading_size": "h1"
          }
        },
        "text_MLrRhQ": {
          "type": "text",
          "settings": {
            "text": "<strong>Besoin d'aide ?</strong>",
            "text_style": "caption-with-letter-spacing"
          }
        }
      },
      "block_order": ["heading_XDLhdY", "text_MLrRhQ"],
      "settings": {
        "image_overlay_opacity": 30,
        "image_height": "xsmall",
        "desktop_content_position": "middle-center",
        "show_text_box": false,
        "desktop_content_alignment": "center",
        "color_scheme": "accent-1",
        "image_behavior": "none",
        "mobile_content_alignment": "center",
        "stack_images_on_mobile": true,
        "show_text_below": false
      }
    },
    "73cd8c80-f2f3-4f22-afc4-4adfd5b6f906": {
      "type": "rich-text",
      "blocks": {
        "template--20863348769074__73cd8c80-f2f3-4f22-afc4-4adfd5b6f906-heading-1": {
          "type": "heading",
          "settings": {
            "heading": "Envoyez-nous un message",
            "heading_size": "h1"
          }
        },
        "template--20863348769074__73cd8c80-f2f3-4f22-afc4-4adfd5b6f906-text-1": {
          "type": "text",
          "settings": { "text": "<p>Remplissez le formulaire ci-dessous et nous vous répondrons sous 24h.</p>" }
        },
        "template--20863348769074__73cd8c80-f2f3-4f22-afc4-4adfd5b6f906-button-1": {
          "type": "button",
          "disabled": true,
          "settings": {
            "button_label": "Button label",
            "button_link": "",
            "button_style_secondary": false,
            "button_label_2": "",
            "button_link_2": "",
            "button_style_secondary_2": false
          }
        }
      },
      "block_order": [
        "template--20863348769074__73cd8c80-f2f3-4f22-afc4-4adfd5b6f906-heading-1",
        "template--20863348769074__73cd8c80-f2f3-4f22-afc4-4adfd5b6f906-text-1",
        "template--20863348769074__73cd8c80-f2f3-4f22-afc4-4adfd5b6f906-button-1"
      ],
      "settings": {
        "desktop_content_position": "center",
        "content_alignment": "center",
        "color_scheme": "",
        "full_width": true,
        "padding_top": 28,
        "padding_bottom": 32
      }
    },
    "contact_form_QW84C9": {
      "type": "contact-form",
      "blocks": {
        "name_iteEYD": { "type": "name", "settings": {} },
        "email_PpbwJW": { "type": "email", "settings": {} },
        "tel_XYH4qq": { "type": "tel", "settings": {} },
        "textarea_r6Wj86": { "type": "textarea", "settings": {} }
      },
      "block_order": [
        "name_iteEYD",
        "email_PpbwJW",
        "tel_XYH4qq",
        "textarea_r6Wj86"
      ],
      "settings": {
        "heading": "",
        "heading_size": "h1",
        "heading_align": "center",
        "heading_align_mobile": "center",
        "sub_heading": "",
        "sub_heading_align": "left",
        "sub_heading_align_mobile": "left",
        "color_scheme": "",
        "padding_top": 36,
        "padding_bottom": 36
      }
    },
    "c27d02fc-e461-4fe8-8d7a-a0da654e20ef": {
      "type": "lumin-grids",
      "blocks": {
        "template--21429271757091__c27d02fc-e461-4fe8-8d7a-a0da654e20ef-image-1": {
          "type": "image",
          "settings": {
            "large_up_hide": false,
            "grid_width_desktop": "50",
            "medium_hide": false,
            "grid_width_tablet": "50",
            "small_hide": false,
            "image": "",
            "overlay_opacity": 0,
            "opacity_color": "#000000",
            "opacity_color_full": false,
            "padding_size": 30,
            "padding_size_in": 10,
            "text_border": 0,
            "bg_color": "rgba(0,0,0,0)",
            "head": "Soldes",
            "head_color": "#ffffff",
            "head_size_d": 50,
            "head_size_m": 38,
            "margin_bottom": 15,
            "text": "Jusqu'à -40%",
            "text_color": "#ffffff",
            "text_size_d": 16,
            "text_size_m": 14,
            "button-text": "Profiter de l'offre",
            "button_link": "shopify://collections/teeth",
            "desktop_content_alignment": "left",
            "image_content_position": "bottom-left",
            "grid-url": ""
          }
        },
        "134024de-4d21-415c-8037-61d0785d137d": {
          "type": "image",
          "settings": {
            "large_up_hide": false,
            "grid_width_desktop": "50",
            "medium_hide": false,
            "grid_width_tablet": "50",
            "small_hide": false,
            "image": "",
            "overlay_opacity": 0,
            "opacity_color": "#000000",
            "opacity_color_full": false,
            "padding_size": 30,
            "padding_size_in": 10,
            "text_border": 0,
            "bg_color": "rgba(0,0,0,0)",
            "head": "BUNDLE_AND_SALE_TTRANSLATION",
            "head_color": "#ffffff",
            "head_size_d": 50,
            "head_size_m": 38,
            "margin_bottom": 15,
            "text": "Économisez sur les lots",
            "text_color": "#ffffff",
            "text_size_d": 16,
            "text_size_m": 14,
            "button-text": "Voir les packs",
            "button_link": "shopify://collections/teeth",
            "desktop_content_alignment": "left",
            "image_content_position": "bottom-left",
            "grid-url": ""
          }
        }
      },
      "block_order": [
        "template--21429271757091__c27d02fc-e461-4fe8-8d7a-a0da654e20ef-image-1",
        "134024de-4d21-415c-8037-61d0785d137d"
      ],
      "settings": {
        "video_border": 8,
        "zoom_hover": true,
        "loading_color": "#f2f2f2",
        "grid_gap": 18,
        "color_scheme": "",
        "padding_top": 36,
        "padding_bottom": 36,
        "margin_top": 36,
        "margin_bottom": 36
      }
    }
  },
  "order": [
    "main",
    "image_banner_fbjLBm",
    "73cd8c80-f2f3-4f22-afc4-4adfd5b6f906",
    "contact_form_QW84C9",
    "c27d02fc-e461-4fe8-8d7a-a0da654e20ef"
  ]
}
