{
  "sections": {
    "main": {
      "type": "main-page",
      "disabled": true,
      "settings": {
        "padding_top": 28,
        "padding_bottom": 28
      }
    },
    "31a08f6e-83fa-4a2e-9fac-85be808e5750": {
      "type": "slideshow",
      "blocks": {
        "template--17161161212140__31a08f6e-83fa-4a2e-9fac-85be808e5750-slide-1": {
          "type": "slide",
          "settings": {
            "caption": "",
            "block_cap_size": 20,
            "cap_color": "#222222",
            "heading": "",
            "block_head_size-2": 20,
            "block_head_size-mobile": 20,
            "block_head_line": 1.4,
            "heading_size": "h1",
            "subheading": "",
            "button_label": "",
            "link": "",
            "link-2": "",
            "button_style_secondary": false,
            "box_align": "middle-center",
            "show_text_box": false,
            "text_alignment": "center",
            "image_overlay_opacity": 0,
            "color_scheme": "",
            "text_alignment_mobile": "center",
            "mobile_box_align": "center",
            "mobile_text_spacing": 0
          }
        }
      },
      "block_order": [
        "template--17161161212140__31a08f6e-83fa-4a2e-9fac-85be808e5750-slide-1"
      ],
      "settings": {
        "layout": "full_bleed",
        "banner_border": 0,
        "slide_height": "small",
        "slider_visual": "counter",
        "auto_rotate": false,
        "hide_navigation": false,
        "change_slides_speed": 5,
        "show_text_below": true,
        "accessibility_info": "Slideshow about our brand"
      }
    },
    "rich_text_YnVzfw": {
      "type": "rich-text",
      "blocks": {
        "heading_fByPJ9": {
          "type": "heading",
          "settings": {
            "heading": "Once upon a time...",
            "heading_size": "h1"
          }
        },
        "text_78agbX": {
          "type": "text",
          "settings": {
            "text": "<p>in the heart of a bustling city, there was a small juice stand nestled between towering skyscrapers and bustling streets. This humble beginning marked the start of a remarkable journey for our founders, Emma and David, who shared a passion for health and wellness.<\/p>"
          }
        }
      },
      "block_order": [
        "heading_fByPJ9",
        "text_78agbX"
      ],
      "settings": {
        "desktop_content_position": "center",
        "content_alignment": "center",
        "color_scheme": "",
        "full_width": true,
        "padding_top": 40,
        "padding_bottom": 52
      }
    },
    "ea4e9a6c-ad1e-44dc-8b6e-34e9654947ce": {
      "type": "multirow",
      "blocks": {
        "template--17161161212140__ea4e9a6c-ad1e-44dc-8b6e-34e9654947ce-row-1": {
          "type": "row",
          "settings": {
            "caption": "Brand Name",
            "heading": "Our Story",
            "text": "<p>Lorem ipsum dolor sit amet, consectetur adipiscing elit. Nullam ac velit nec metus tincidunt varius. In hac habitasse platea dictumst. Suspendisse potenti. Proin ut quam eu elit rhoncus euismod. Phasellus consectetur risus eget neque fermentum, vel ullamcorper purus efficitur. Sed nec urna eu justo volutpat accumsan.<\/p>",
            "button_label": "",
            "button_link": ""
          }
        },
        "4a0ac0b8-3de6-4750-ac8d-57983e72aafb": {
          "type": "row",
          "settings": {
            "caption": "the future",
            "heading": "What Next?",
            "text": "<p>Lorem ipsum dolor sit amet, consectetur adipiscing elit. Nullam ac velit nec metus tincidunt varius. In hac habitasse platea dictumst. Suspendisse potenti. Proin ut quam eu elit rhoncus euismod. Phasellus consectetur risus eget neque fermentum, vel ullamcorper purus efficitur. Sed nec urna eu justo volutpat accumsan.<\/p>",
            "button_label": "",
            "button_link": ""
          }
        }
      },
      "block_order": [
        "template--17161161212140__ea4e9a6c-ad1e-44dc-8b6e-34e9654947ce-row-1",
        "4a0ac0b8-3de6-4750-ac8d-57983e72aafb"
      ],
      "settings": {
        "image_height": "medium",
        "desktop_image_width": "medium",
        "heading_size": "h1",
        "text_style": "body",
        "button_style": "secondary",
        "desktop_content_position": "middle",
        "desktop_content_alignment": "left",
        "image_layout": "alternate-right",
        "section_color_scheme": "",
        "row_color_scheme": "",
        "mobile_content_alignment": "left",
        "padding_top": 36,
        "padding_bottom": 36
      }
    },
    "e687b3e7-8941-40dd-ba8c-c47722131e87": {
      "type": "featured-collection",
      "settings": {
        "title": "Featured collection",
        "description": "",
        "collection_text_alignment": "left",
        "show_description": true,
        "description_style": "body",
        "collection": "",
        "show_collection_image": false,
        "products_to_show": 4,
        "columns_desktop": 4,
        "full_width": false,
        "show_view_all": false,
        "view_all_style": "solid",
        "enable_desktop_slider": false,
        "navigation_on_desk": true,
        "color_scheme": "",
        "image_ratio": "adapt",
        "image_no_crop": true,
        "show_secondary_image": true,
        "show_vendor": true,
        "show_rating": false,
        "show_scroll_tags": false,
        "enable_quick_desc": false,
        "quick_desc_legth": 90,
        "quick_desc_size": 14,
        "enable_quick_add": true,
        "show_secondary_add": true,
        "columns_mobile": "2",
        "swipe_on_mobile": false,
        "navigation_on_mobile": true,
        "padding_top": 36,
        "padding_bottom": 36
      }
    }
  },
  "order": [
    "main",
    "31a08f6e-83fa-4a2e-9fac-85be808e5750",
    "rich_text_YnVzfw",
    "ea4e9a6c-ad1e-44dc-8b6e-34e9654947ce",
    "e687b3e7-8941-40dd-ba8c-c47722131e87"
  ]
}
