{
    "current": {
        "sale_price": "#747474",
        "loading_animation": false,
        "highlight_background_color": "linear-gradient(259deg, rgba(112, 105, 188, 1), rgba(1, 1, 1, 1) 4%, rgba(216, 169, 199, 1) 100%)",
        "highlight_background_color-2": "#e3fd3e",
        "highlight_text_size": 95,
        "padding-left-fancy": 0,
        "sticky_atc_btn_radius": 6,
        "sticky_atc_btn_radius_mb": 6,
        "sticky_atc_box_radius": 6,
        "sticky_atc_box_radius_mb": 6,
        "cart_type": "drawer",
        "show_vendor": false,
        "show_cart_note": true,
        "note_bg_color": "#eeecff",
        "cart_note_radius": 8,
        "edit_mode": false,
        "drawer_size": "40rem",
        "cart_drawer_collection": "",
        "show_cart_button": false,
        "show_full_button": true,
        "show_payment_icons": true,
        "enable_cart_progress_bar": false,
        "show_progress_bar_icons": false,
        "use_items_subtotal": true,
        "goal_1_icon": "truck",
        "goal_1_icon_reached": "truck",
        "cart_bar_radius": 6,
        "show_progress_bar_animation": true,
        "enable_icon_animation": true,
        "cart_bar_color_container": "#eeecff",
        "cart_progress_bar_background_color": "#ffffff",
        "cart_progress_bar_color": "#7069bc",
        "cart_progress_bar_full_color": "#10b085",
        "collection": "",
        "product_text_align": "left",
        "upsell_image_size": 11,
        "upsell_border": false,
        "upsell_border_width": 1,
        "upsell_main_color_scheme": "inverse",
        "enable_cart_upsell": false,
        "default_upsell_enabled_in_cart": false,
        "cart_upsell_product_2": "",
        "cart_upsell_text": "Priority Shipping",
        "cart_upsell_font_weight": "600",
        "cart_upsell_subtext": "Your order is processed and shipped as a top priority",
        "gift_bg_color": "#eeecff",
        "gift_wrap_radius": 8,
        "logo": "shopify://shop_images/Black_and_White_Minimalist_Wedding_Monogram_Logo_10.svg",
        "logo_width": 150,
        "favicon": "shopify://shop_images/6.png",
        "type_header_font": "basic_commercial_n7",
        "type_header_italic_font": "basic_commercial_i7",
        "heading_spacing": 0,
        "heading_line_height": 1.2,
        "heading_scale": 100,
        "type_body_font": "basic_commercial_n4",
        "body_spacing": 0.5,
        "body_scale": 100,
        "type_menu_font": "basic_commercial_n7",
        "type_collapsible_font": "basic_commercial_n7",
        "page_width": 1300,
        "spacing_sections": 0,
        "spacing_grid_horizontal": 8,
        "spacing_grid_vertical": 8,
        "animations_reveal_on_scroll": true,
        "animations_hover_elements": "none",
        "type_button_font": "basic_commercial_n7",
        "btn_transformation": "uppercase",
        "btn_text_size": 14,
        "btn_text_size_mobile": 17,
        "btn_text_spacing": 1,
        "buttons_border_thickness": 1,
        "buttons_border_opacity": 100,
        "buttons_radius": 4,
        "buttons_shadow_opacity": 0,
        "buttons_shadow_horizontal_offset": 0,
        "buttons_shadow_vertical_offset": 0,
        "buttons_shadow_blur": 10,
        "variant_pills_border_thickness": 1,
        "variant_pills_border_opacity": 10,
        "variant_pills_radius": 4,
        "variant_pills_shadow_opacity": 0,
        "variant_pills_shadow_horizontal_offset": 2,
        "variant_pills_shadow_vertical_offset": 4,
        "variant_pills_shadow_blur": 10,
        "inputs_border_thickness": 1,
        "inputs_border_opacity": 10,
        "inputs_radius": 4,
        "inputs_shadow_opacity": 0,
        "inputs_shadow_horizontal_offset": 0,
        "inputs_shadow_vertical_offset": 4,
        "inputs_shadow_blur": 5,
        "card_style": "card",
        "card_image_padding": 0,
        "card_text_alignment": "left",
        "card_color_scheme": "scheme-af4a96f3-9954-43c2-bc96-b688af5a0d04",
        "card_border_thickness": 0,
        "card_border_opacity": 5,
        "card_corner_radius": 6,
        "card_shadow_opacity": 0,
        "card_shadow_horizontal_offset": 0,
        "card_shadow_vertical_offset": 4,
        "card_shadow_blur": 5,
        "collection_card_style": "standard",
        "collection_card_image_padding": 0,
        "collection_card_text_alignment": "center",
        "collection_card_color_scheme": "background-2",
        "collection_card_border_thickness": 0,
        "collection_card_border_opacity": 10,
        "collection_card_corner_radius": 0,
        "collection_card_shadow_opacity": 0,
        "collection_card_shadow_horizontal_offset": 0,
        "collection_card_shadow_vertical_offset": 4,
        "collection_card_shadow_blur": 5,
        "blog_card_style": "card",
        "blog_card_image_padding": 0,
        "blog_card_text_alignment": "left",
        "blog_card_color_scheme": "accent-2",
        "blog_card_border_thickness": 1,
        "blog_card_border_opacity": 10,
        "blog_card_corner_radius": 6,
        "blog_card_shadow_opacity": 5,
        "blog_card_shadow_horizontal_offset": 0,
        "blog_card_shadow_vertical_offset": 4,
        "blog_card_shadow_blur": 40,
        "text_boxes_border_thickness": 0,
        "text_boxes_border_opacity": 5,
        "text_boxes_radius": 8,
        "text_boxes_shadow_opacity": 0,
        "text_boxes_shadow_horizontal_offset": 0,
        "text_boxes_shadow_vertical_offset": 4,
        "text_boxes_shadow_blur": 5,
        "media_border_thickness": 0,
        "media_border_opacity": 5,
        "media_radius": 4,
        "media_shadow_opacity": 0,
        "media_shadow_horizontal_offset": 0,
        "media_shadow_vertical_offset": 4,
        "media_shadow_blur": 5,
        "popup_border_thickness": 1,
        "popup_border_opacity": 5,
        "popup_corner_radius": 2,
        "popup_shadow_opacity": 0,
        "popup_shadow_horizontal_offset": 0,
        "popup_shadow_vertical_offset": 4,
        "popup_shadow_blur": 5,
        "drawer_border_thickness": 1,
        "drawer_border_opacity": 5,
        "drawer_shadow_opacity": 0,
        "drawer_shadow_horizontal_offset": 0,
        "drawer_shadow_vertical_offset": 4,
        "drawer_shadow_blur": 5,
        "sale_message": "Save [%]",
        "badge_position": "top right",
        "sale_badge_color_scheme": "inverse",
        "sold_out_badge_color_scheme": "scheme-15ab6c1a-5144-4b7d-a402-482fa31b8c04",
        "badge_corner_radius": 2,
        "brand_headline": "BRAND_NAME_CONSTANT",
        "brand_description": "<p>BRAND_TAGLINE_CONSTANT</p>",
        "brand_image": "shopify://shop_images/smileEase_10.svg",
        "brand_image_width": 135,
        "social_facebook_link": "",
        "social_instagram_link": "",
        "social_youtube_link": "",
        "social_tiktok_link": "",
        "social_twitter_link": "",
        "social_snapchat_link": "",
        "social_pinterest_link": "",
        "social_tumblr_link": "",
        "social_vimeo_link": "",
        "predictive_search_enabled": true,
        "predictive_search_show_vendor": false,
        "predictive_search_show_price": true,
        "currency_code_enabled": false,
        "checkout_logo_position": "center",
        "checkout_logo_size": "small",
        "checkout_sidebar_background_color": "#fafafa",
        "checkout_accent_color": "#000000",
        "checkout_button_color": "#000000",
        "checkout_error_color": "#fd0d40",
        "fsb_goal": "BRAND_GOAL_AMOUNT_CONSTANT",
        "fsb_headline_start": "Order over <strong>(x)</strong> & get Free shipping!",
        "fsb_headline_middle": "You are <strong>(x)</strong> away from Free shipping!",
        "bar_color_scheme": "background-1",
        "fsb_background_color": "#eeecff",
        "fsb_progress_color": "#7069bc",
        "fsb_progress_color_2": "#7069bc",
        "fsb_border_color": "#ffffff",
        "bar_radius": 6,
        "fsb_accent_color": "#7069bc",
        "toggle_color": "#7069bc",
        "cart_upsell_product": "priority-shipping",
        "gift_icon": "shopify://shop_images/shipping-svgrepo-com_1_100x_94fa8e72-459a-4dd8-9d6c-6abdc7d81f58.png",
        "color_scheme_main": "background-1",
        "img_width": "50",
        "img_height": "50",
        "acti_key": "BRAND_LICENSE_KEY_CONSTANT",
        "extended-megamenu-show-imgs": "yes",
        "extended-megamenu-featured-img": "shopify://shop_images/58.jpg",
        "button_height": 5,
        "show_image_swatch": true,
        "trigger_image_swatch": "Flavour",
        "swatch_size_w": 52,
        "swatch_size_h": 65,
        "show_color_swatch": true,
        "custom_colors": "redish:#f3f377\npeace:#f9b6da\nice:#bdd8e8",
        "btn_text_weight": "600",
        "logo_white": "shopify://shop_images/logo_main_1.png",
        "cus_font": "https://cdn.shopify.com/s/files/1/0765/8707/3883/files/canela-regular-webfont.ttf?v=1689350623",
        "font": "https://cdn.shopify.com/s/files/1/0811/3002/9368/files/Canela-Regular.ttf?v=1691248284",
        "sections": {
            "main-password-header": {
                "type": "main-password-header",
                "settings": {
                    "color_scheme": "background-1"
                }
            },
            "main-password-footer": {
                "type": "main-password-footer",
                "settings": {
                    "color_scheme": "background-1"
                }
            },
            "cart-drawer": {
                "type": "cart-drawer",
                "settings": {}
            }
        },
        "content_for_index": [],
        "color_schemes": {
            "background-1": {
                "settings": {
                    "background": "#ffffff",
                    "background_gradient": "linear-gradient(180deg, rgba(255, 255, 255, 1), rgba(255, 255, 255, 1) 100%)",
                    "text": "#2e2a39",
                    "button": "#7069bc",
                    "button_label": "#ffffff",
                    "secondary_button_label": "#7069bc",
                    "shadow": "#2e2a39"
                }
            },
            "background-2": {
                "settings": {
                    "background": "#2e2a39",
                    "background_gradient": "",
                    "text": "#ffffff",
                    "button": "#ffffff",
                    "button_label": "#2e2a39",
                    "secondary_button_label": "#ffffff",
                    "shadow": "#2e2a39"
                }
            },
            "inverse": {
                "settings": {
                    "background": "#eeecff",
                    "background_gradient": "",
                    "text": "#2e2a39",
                    "button": "#ffffff",
                    "button_label": "#2e2a39",
                    "secondary_button_label": "#2e2a39",
                    "shadow": "#2e2a39"
                }
            },
            "accent-1": {
                "settings": {
                    "background": "#7069bc",
                    "background_gradient": "",
                    "text": "#ffffff",
                    "button": "#ffffff",
                    "button_label": "#7069bc",
                    "secondary_button_label": "#ffffff",
                    "shadow": "#2e2a39"
                }
            },
            "accent-2": {
                "settings": {
                    "background": "#ffffff",
                    "background_gradient": "",
                    "text": "#2e2a39",
                    "button": "#2e2a39",
                    "button_label": "#ffffff",
                    "secondary_button_label": "#2e2a39",
                    "shadow": "#2e2a39"
                }
            },
            "scheme-15ab6c1a-5144-4b7d-a402-482fa31b8c04": {
                "settings": {
                    "background": "#eeecff",
                    "background_gradient": "",
                    "text": "#2e2a39",
                    "button": "#ec1b56",
                    "button_label": "#ffffff",
                    "secondary_button_label": "#ec1b56",
                    "shadow": "#2e2a39"
                }
            },
            "scheme-af4a96f3-9954-43c2-bc96-b688af5a0d04": {
                "settings": {
                    "background": "#ffffff",
                    "background_gradient": "linear-gradient(180deg, rgba(246, 246, 246, 1), rgba(246, 246, 246, 1) 100%)",
                    "text": "#2e2a39",
                    "button": "#7069bc",
                    "button_label": "#ffffff",
                    "secondary_button_label": "#7069bc",
                    "shadow": "#2e2a39"
                }
            },
            "scheme-9960790f-38b2-4213-bcbf-7402b1cc7afc": {
                "settings": {
                    "background": "#c80b78",
                    "background_gradient": "linear-gradient(128deg, rgba(200, 11, 120, 1), rgba(127, 72, 176, 1) 50%, rgba(10, 78, 151, 1) 100%)",
                    "text": "#ffffff",
                    "button": "#ffffff",
                    "button_label": "#212121",
                    "secondary_button_label": "#ffffff",
                    "shadow": "#2e2a39"
                }
            },
            "scheme-52377e07-d339-4279-a779-52e97c9fce5f": {
                "settings": {
                    "background": "#ffffff",
                    "background_gradient": "linear-gradient(136deg, rgba(167, 176, 243, 1) 10%, rgba(207, 181, 235, 1) 84%)",
                    "text": "#ffffff",
                    "button": "#7069bc",
                    "button_label": "#ffffff",
                    "secondary_button_label": "#7069bc",
                    "shadow": "#2e2a39"
                }
            }
        }
    },
    "presets": {
        "Default": {
            "logo_width": 90,
            "color_schemes": {
                "background-1": {
                    "settings": {
                        "background": "#FFFFFF",
                        "background_gradient": "",
                        "text": "#121212",
                        "button": "#121212",
                        "button_label": "#FFFFFF",
                        "secondary_button_label": "#121212",
                        "shadow": "#121212"
                    }
                },
                "background-2": {
                    "settings": {
                        "background": "#F3F3F3",
                        "background_gradient": "",
                        "text": "#121212",
                        "button": "#121212",
                        "button_label": "#F3F3F3",
                        "secondary_button_label": "#121212",
                        "shadow": "#121212"
                    }
                },
                "inverse": {
                    "settings": {
                        "background": "#242833",
                        "background_gradient": "",
                        "text": "#FFFFFF",
                        "button": "#FFFFFF",
                        "button_label": "#000000",
                        "secondary_button_label": "#FFFFFF",
                        "shadow": "#121212"
                    }
                },
                "accent-1": {
                    "settings": {
                        "background": "#121212",
                        "background_gradient": "",
                        "text": "#FFFFFF",
                        "button": "#FFFFFF",
                        "button_label": "#121212",
                        "secondary_button_label": "#FFFFFF",
                        "shadow": "#121212"
                    }
                },
                "accent-2": {
                    "settings": {
                        "background": "#334FB4",
                        "background_gradient": "",
                        "text": "#FFFFFF",
                        "button": "#FFFFFF",
                        "button_label": "#334FB4",
                        "secondary_button_label": "#FFFFFF",
                        "shadow": "#121212"
                    }
                }
            },
            "type_header_font": "assistant_n4",
            "heading_scale": 100,
            "type_body_font": "assistant_n4",
            "body_scale": 100,
            "page_width": 1200,
            "spacing_sections": 0,
            "spacing_grid_horizontal": 8,
            "spacing_grid_vertical": 8,
            "animations_reveal_on_scroll": true,
            "animations_hover_elements": "none",
            "buttons_border_thickness": 1,
            "buttons_border_opacity": 100,
            "buttons_radius": 0,
            "buttons_shadow_opacity": 0,
            "buttons_shadow_horizontal_offset": 0,
            "buttons_shadow_vertical_offset": 4,
            "buttons_shadow_blur": 5,
            "variant_pills_border_thickness": 1,
            "variant_pills_border_opacity": 55,
            "variant_pills_radius": 40,
            "variant_pills_shadow_opacity": 0,
            "variant_pills_shadow_horizontal_offset": 0,
            "variant_pills_shadow_vertical_offset": 4,
            "variant_pills_shadow_blur": 5,
            "inputs_border_thickness": 1,
            "inputs_border_opacity": 55,
            "inputs_radius": 0,
            "inputs_shadow_opacity": 0,
            "inputs_shadow_horizontal_offset": 0,
            "inputs_shadow_vertical_offset": 4,
            "inputs_shadow_blur": 5,
            "card_style": "standard",
            "card_image_padding": 0,
            "card_text_alignment": "left",
            "card_color_scheme": "background-2",
            "card_border_thickness": 0,
            "card_border_opacity": 10,
            "card_corner_radius": 0,
            "card_shadow_opacity": 0,
            "card_shadow_horizontal_offset": 0,
            "card_shadow_vertical_offset": 4,
            "card_shadow_blur": 5,
            "collection_card_style": "standard",
            "collection_card_image_padding": 0,
            "collection_card_text_alignment": "left",
            "collection_card_color_scheme": "background-2",
            "collection_card_border_thickness": 0,
            "collection_card_border_opacity": 10,
            "collection_card_corner_radius": 0,
            "collection_card_shadow_opacity": 0,
            "collection_card_shadow_horizontal_offset": 0,
            "collection_card_shadow_vertical_offset": 4,
            "collection_card_shadow_blur": 5,
            "blog_card_style": "standard",
            "blog_card_image_padding": 0,
            "blog_card_text_alignment": "left",
            "blog_card_color_scheme": "background-2",
            "blog_card_border_thickness": 0,
            "blog_card_border_opacity": 10,
            "blog_card_corner_radius": 0,
            "blog_card_shadow_opacity": 0,
            "blog_card_shadow_horizontal_offset": 0,
            "blog_card_shadow_vertical_offset": 4,
            "blog_card_shadow_blur": 5,
            "text_boxes_border_thickness": 0,
            "text_boxes_border_opacity": 10,
            "text_boxes_radius": 0,
            "text_boxes_shadow_opacity": 0,
            "text_boxes_shadow_horizontal_offset": 0,
            "text_boxes_shadow_vertical_offset": 4,
            "text_boxes_shadow_blur": 5,
            "media_border_thickness": 1,
            "media_border_opacity": 5,
            "media_radius": 0,
            "media_shadow_opacity": 0,
            "media_shadow_horizontal_offset": 0,
            "media_shadow_vertical_offset": 4,
            "media_shadow_blur": 5,
            "popup_border_thickness": 1,
            "popup_border_opacity": 10,
            "popup_corner_radius": 0,
            "popup_shadow_opacity": 5,
            "popup_shadow_horizontal_offset": 0,
            "popup_shadow_vertical_offset": 4,
            "popup_shadow_blur": 5,
            "drawer_border_thickness": 1,
            "drawer_border_opacity": 10,
            "drawer_shadow_opacity": 0,
            "drawer_shadow_horizontal_offset": 0,
            "drawer_shadow_vertical_offset": 4,
            "drawer_shadow_blur": 5,
            "badge_position": "bottom left",
            "badge_corner_radius": 40,
            "sale_badge_color_scheme": "accent-2",
            "sold_out_badge_color_scheme": "inverse",
            "brand_headline": "",
            "brand_description": "<p></p>",
            "brand_image_width": 100,
            "social_twitter_link": "",
            "social_facebook_link": "",
            "social_pinterest_link": "",
            "social_instagram_link": "",
            "social_tiktok_link": "",
            "social_tumblr_link": "",
            "social_snapchat_link": "",
            "social_youtube_link": "",
            "social_vimeo_link": "",
            "predictive_search_enabled": true,
            "predictive_search_show_vendor": false,
            "predictive_search_show_price": false,
            "currency_code_enabled": true,
            "cart_type": "notification",
            "show_vendor": false,
            "show_cart_note": false,
            "cart_drawer_collection": "",
            "sections": {
                "main-password-header": {
                    "type": "main-password-header",
                    "settings": {
                        "color_scheme": "background-1"
                    }
                },
                "main-password-footer": {
                    "type": "main-password-footer",
                    "settings": {
                        "color_scheme": "background-1"
                    }
                }
            }
        }
    }
}