{
  "name": "t:sections.footer.name",
  "type": "footer",
  "sections": {
    "testimonial_slider_cAE4GT": {
      "type": "testimonial-slider",
      "blocks": {
        "icon_6iArrF": {
          "type": "icon",
          "settings": {
            "slide_radius": 0,
            "link": "",
            "show_icon": true,
            "title": "Livraison Gratuite",
            "text": "<p>Dès 50€ d'achat</p>"
          }
        },
        "icon_Hg4ggy": {
          "type": "icon",
          "settings": {
            "slide_radius": 0,
            "link": "",
            "show_icon": true,
            "title": "Retour Facile",
            "text": "<p>30 jours pour changer d'avis</p>"
          }
        },
        "icon_H7jLD4": {
          "type": "icon",
          "settings": {
            "slide_radius": 0,
            "link": "",
            "show_icon": true,
            "title": "Paiement Sécurisé",
            "text": "<p>Cryptage SSL 256-bit</p>"
          }
        },
        "icon_xMMDLG": {
          "type": "icon",
          "settings": {
            "slide_radius": 0,
            "link": "",
            "show_icon": true,
            "title": "Support 24/7",
            "text": "<p>Une équipe à votre écoute</p>"
          }
        }
      },
      "block_order": [
        "icon_6iArrF",
        "icon_Hg4ggy",
        "icon_H7jLD4",
        "icon_xMMDLG"
      ],
      "settings": {
        "icon_alignment": "left",
        "icon_size": 24,
        "per_row": 4,
        "gap": 20,
        "show_arrows": "false",
        "auto_rotate": true,
        "change_slides_speed": 3,
        "text_size": 60,
        "heading_color": "#000000",
        "text_color": "#868484",
        "color_scheme": "background-1",
        "color_scheme_main": "inverse",
        "show_border": false,
        "content_border_color": "rgba(0,0,0,0)",
        "content_buttons_radius": 8,
        "mobile_icon_alignment": "center",
        "mobile_icon_size": 30,
        "mobile_per_row": "2",
        "base_width": 100,
        "margin_top": 0,
        "margin_bottom": 0,
        "padding_top": 40,
        "padding_bottom": 48
      }
    },
    "lumin_scrolling_text_dxX6fY": {
      "type": "lumin-scrolling-text",
      "blocks": {
        "announcement_McWUMc": {
          "type": "announcement",
          "settings": {
            "Announcement": "<p>Offre Spéciale : -20% aujourd'hui</p><p><a href=\"/collections/all\" title=\"All products\"><strong>Shop now</strong></a></p>",
            "announcement_size": 18,
            "announcement_size_m": 16,
            "text_spacing": 0,
            "text_transform": "uppercase",
            "announcement_color": "#000000",
            "icon": "none",
            "text_link": ""
          }
        },
        "announcement_VrjH6w": {
          "type": "announcement",
          "settings": {
            "Announcement": "<p>Nouveautés chaque semaine</p>",
            "announcement_size": 18,
            "announcement_size_m": 16,
            "text_spacing": 0,
            "text_transform": "uppercase",
            "announcement_color": "#000000",
            "icon": "none",
            "text_link": ""
          }
        }
      },
      "block_order": ["announcement_McWUMc", "announcement_VrjH6w"],
      "settings": {
        "scroll_speed": 40,
        "reverse": false,
        "fade": false,
        "color_scheme": "scheme-d2c03d0e-5ca5-439d-bdf5-e393d9582cf0",
        "padding_desktop": 16,
        "padding_mobile": 8,
        "padding_item_desktop": 36,
        "padding_item_mobile": 8,
        "padding_top": 0,
        "padding_bottom": 0
      }
    },
    "420dbb1b-f872-4861-99ec-c6ce83df4831": {
      "type": "newsletter",
      "blocks": {
        "sections--15124688797779__420dbb1b-f872-4861-99ec-c6ce83df4831-heading-1": {
          "type": "heading",
          "settings": { "heading": "Restez informée", "heading_size": "h2" }
        },
        "sections--15124688797779__420dbb1b-f872-4861-99ec-c6ce83df4831-paragraph-1": {
          "type": "paragraph",
          "settings": { "text": "<p>Inscrivez-vous pour des conseils beauté exclusifs.</p>" }
        },
        "sections--15124688797779__420dbb1b-f872-4861-99ec-c6ce83df4831-email_form-1": {
          "type": "email_form",
          "settings": {}
        }
      },
      "block_order": [
        "sections--15124688797779__420dbb1b-f872-4861-99ec-c6ce83df4831-heading-1",
        "sections--15124688797779__420dbb1b-f872-4861-99ec-c6ce83df4831-paragraph-1",
        "sections--15124688797779__420dbb1b-f872-4861-99ec-c6ce83df4831-email_form-1"
      ],
      "settings": {
        "color_scheme": "scheme-78d2e301-66be-46b4-8bf3-c85455b81fc4",
        "full_width": true,
        "text_align": "center",
        "news_alignment": "horizontal",
        "show_small_text": true,
        "small_text": "*Nous respectons votre vie privée.",
        "padding_top": 64,
        "padding_bottom": 84,
        "margin_top": 0,
        "margin_bottom": 0
      }
    },
    "waves_ptbQNq": {
      "type": "waves",
      "settings": {
        "wave_color": "NEW_WAVE_COLOR",
        "wave_height": 40,
        "wave_speed": 52,
        "padding_top": 0,
        "padding_bottom": 8
      }
    },
    "footer": {
      "type": "footer",
      "blocks": {
        "adb529f5-d357-4437-b802-e295826b2117": {
          "type": "brand_information",
          "settings": { "show_social": true }
        },
        "0dfe9e9f-d96e-442f-be6e-881afaba1771": {
          "type": "link_list",
          "settings": { "heading": "Shop", "menu": "main-menu" }
        },
        "text_y3qDPH": {
          "type": "text",
          "settings": {
            "heading": "Contactez-nous",
            "subtext": "<p>support@LuminelleBeauty.com</p>"
          }
        }
      },
      "block_order": [
        "adb529f5-d357-4437-b802-e295826b2117",
        "0dfe9e9f-d96e-442f-be6e-881afaba1771",
        "text_y3qDPH"
      ],
      "settings": {
        "color_scheme": "background-2",
        "show_collapse": true,
        "show_border": false,
        "show_body_font": "head",
        "newsletter_enable": false,
        "newsletter_heading": "Subscribe to our emails",
        "enable_follow_on_shop": true,
        "show_social": false,
        "enable_country_selector": true,
        "enable_language_selector": true,
        "payment_enable": true,
        "original": "custom",
        "payment_icon": "visa,master,paypal,apple_pay,shopify-pay,google-pay",
        "custom_icon_1_width": 34,
        "custom_icon_2_width": 34,
        "custom_icon_3_width": 34,
        "hide_shopify": true,
        "copyright": "- Theme by <a href=\"https://lumintheme.com/\" target=\"_blank\" title=\"https://lumintheme.com/\">Lumin<em>Theme</em></a> © 2024",
        "show_bottom_text": false,
        "bottom_text": "Note that all content and resources provided on our website are not medical advice nor should they be used as a substitute for professional medical treatment. For medical concerns and/or emergencies, consult your health care provider and emergency services immediately.",
        "color_bottom_text": "#868686",
        "show_policy": true,
        "margin_top": 0,
        "padding_top": 60,
        "padding_bottom": 12
      }
    }
  },
  "order": [
    "testimonial_slider_cAE4GT",
    "lumin_scrolling_text_dxX6fY",
    "420dbb1b-f872-4861-99ec-c6ce83df4831",
    "waves_ptbQNq",
    "footer"
  ]
}
