{
  "name": "t:sections.header.name",
  "type": "header",
  "sections": {
    "countdown_timer_AWwUB6": {
      "type": "countdown-timer",
      "settings": {
        "color_scheme": "scheme-9960790f-38b2-4213-bcbf-7402b1cc7afc",
        "layout": "full_bleed",
        "max_width": 600,
        "show_border": false,
        "timer_border": "#eeeeee",
        "video_border": 0,
        "message_main": "<p><strong>Early Spring Sale Ends In<\/strong><\/p>",
        "timer_text_size": 16,
        "timer_text_size_mb": 14,
        "text_layout": "left",
        "text_layout_mb": "center",
        "date": "2025-12-31",
        "number_size": "small",
        "font_style": "bold",
        "timer_size": 1,
        "timer_size_mb": 0.8,
        "timer_days": "",
        "hide_days": true,
        "timer_hrs": "HRS",
        "timer_min": "MIN",
        "timer_sec": "SEC",
        "head_font": false,
        "timer_color": "#212121",
        "timer_bg": "#ffffff",
        "message": "<p><strong>Sale is end!<\/strong><\/p>",
        "message_size": 20,
        "padding_top": 8,
        "padding_bottom": 8,
        "margin_top": 0,
        "margin_bottom": 0
      }
    },
    "announcement_bar_GFUcVz": {
      "type": "announcement-bar",
      "blocks": {
        "announcement_CtCp9F": {
          "type": "announcement",
          "settings": {
            "text": "Gentle Care - Powerful Results",
            "link": ""
          }
        },
        "announcement_FxUixL": {
          "type": "announcement",
          "settings": {
            "text": "Early Spring Sale 20% Off",
            "link": ""
          }
        },
        "announcement_66kDRN": {
          "type": "announcement",
          "settings": {
            "text": "Discount Auto Applied at Checkout",
            "link": ""
          }
        }
      },
      "block_order": [
        "announcement_CtCp9F",
        "announcement_FxUixL",
        "announcement_66kDRN"
      ],
      "settings": {
        "color_scheme": "scheme-52377e07-d339-4279-a779-52e97c9fce5f",
        "show_line_separator": false,
        "show_social": true,
        "auto_rotate": false,
        "hide_arrows": false,
        "change_slides_speed": 3,
        "enable_country_selector": true,
        "enable_language_selector": true
      }
    },
    "header": {
      "type": "header",
      "custom_css": [],
      "settings": {
        "logo_position": "middle-center",
        "hide_search": true,
        "menu": "main-menu",
        "sticky_header_type": "on-scroll-up",
        "show_line_separator": true,
        "transparent_header": "transparent_header_home",
        "content_color": "#7069bc",
        "menu_type_desktop": "mega",
        "menu_hover": true,
        "mega_columns": "20",
        "menu_align": "start",
        "extended-megamenu-show-imgs": "yes",
        "link_img_size": 100,
        "img_radius": 6,
        "mega_menu_head_size": 20,
        "head_menu_bold": true,
        "mega_menu_link_size": 14,
        "menu_bold": false,
        "mega_menu_head_color": "#000000",
        "mega_menu_link_color": "#636363",
        "color_scheme": "background-1",
        "menu_color_scheme": "background-1",
        "enable_country_selector": false,
        "enable_language_selector": false,
        "mobile_logo_position": "center",
        "margin_bottom": 0,
        "padding_top": 4,
        "padding_bottom": 4
      }
    }
  },
  "order": [
    "countdown_timer_AWwUB6",
    "announcement_bar_GFUcVz",
    "header"
  ]
}
