{"type":"header","name":"Announcement","sections":{"announcement-bar":{"type":"announcement-bar","blocks":{"announcement-bar-0":{"type":"announcement","settings":{"text":"Welcome to our store","link":""}},"announcement_m6gac9":{"type":"announcement","settings":{"text":"Welcome to our store","link":""}}},"block_order":["announcement-bar-0","announcement_m6gac9"],"settings":{"color_scheme":"background-1","show_line_separator":true,"show_social":true,"auto_rotate":true,"hide_arrows":false,"change_slides_speed":3,"enable_country_selector":true,"enable_language_selector":true}}},"order":["announcement-bar"]}